1,Santiago
1,Ben Nevis
1,Vatican City
1,Canada
1,Four: Kenya -  Uganda -  Tanzania and Somalia
1,E
1,Russia
1,London -  UK
1,Africa
1,River Nile
2,Caledonia
2,Richard (Dick) Whittington
2,Catherine Parr
2,William Pitt (The Younger)
2,1431
2,Norwegian
2,Julia Gillard (2010-2013)
2,Sir Walter Raleigh
2,Cambridge
2,Smallpox
3,Blue -  yellow -  black -  green and red
3,Real Madrid (13)
3,13
3,Red Rum
3,Crucible Theatre
3,Pineapple
3,USA
3,A turkey
3,16
3,Augusta National